changelog	85827
features__app-fees	6848
features__deposit-addresses	22489
features__fast-fill	8089
features__fee-sponsorship	17684
features__gas-top-up	1182
features__gasless-execution	6826
features__gasless-swaps	5891
features__price-stabilization	5019
how-relay-works	1601
references__api__advanced	1333
references__api__api-keys	4957
references__api__api_core_concepts__contract-compatibility	3390
references__api__api_core_concepts__execution-errors	9666
references__api__api_core_concepts__fees	6602
references__api__api_core_concepts__handling-errors	5408
references__api__api_core_concepts__handling-rate-limits	3885
references__api__api_core_concepts__input-validation	13474
references__api__api_core_concepts__refunds	4359
references__api__api_core_concepts__step-execution	16621
references__api__api_core_concepts__surplus-and-shortage	3309
references__api__api_core_concepts__trade-types	2367
references__api__api_core_concepts__wallet-detection	8690
references__api__api_guides__bitcoin	7806
references__api__api_guides__bridging-integration-guide	3677
references__api__api_guides__builder-codes	4596
references__api__api_guides__calling-integration-guide	12982
references__api__api_guides__deep-linking	4577
references__api__api_guides__hyperliquid-support	11733
references__api__api_guides__lighter-support	5641
references__api__api_guides__migrating-to-requests-v3	12723
references__api__api_guides__smart-accounts	2915
references__api__api_guides__solana	6715
references__api__api_guides__testnet	1992
references__api__api_guides__transaction-indexing	3855
references__api__api_guides__webhooks	5423
references__api__api_guides__websockets	4242
references__api__api_resources__contract-addresses	9857
references__api__api_resources__supported-chains	2020
references__api__api_resources__supported-routes	7994
references__api__attest-deposit	912
references__api__claim-app-fees	1379
references__api__core	1333
references__api__deposit-address-reindex	1887
references__api__execute	1815
references__api__execute-permits	1707
references__api__fast-fill	1395
references__api__get-app-fee-balances	1851
references__api__get-chains	3173
references__api__get-chains-liquidity	982
references__api__get-config	1741
references__api__get-currencies	2220
references__api__get-currencies-v2	2177
references__api__get-intents-status	1471
references__api__get-intents-status-v3	3978
references__api__get-price	7731
references__api__get-quote	41790
references__api__get-quote-v2	41904
references__api__get-requests	33441
references__api__get-requests-v2	7805
references__api__get-swap-sources	765
references__api__get-token-price	778
references__api__get-usage	1436
references__api__get-withdrawal-status	987
references__api__overview	1333
references__api__quickstart	10512
references__api__request-withdrawal	1497
references__api__transactions-index	871
references__api__transactions-single	879
references__api__troubleshooting	1269
references__api__utilities	1333
references__protocol__addresses	5080
references__protocol__components__allocator	7674
references__protocol__components__deposit-addresses	5139
references__protocol__components__depository	3706
references__protocol__components__hub	4886
references__protocol__components__oracle	6714
references__protocol__components__relay-chain	3171
references__protocol__components__security-council	2367
references__protocol__contracts__evm-depository	7272
references__protocol__contracts__solana-depository	24145
references__protocol__guides__for-apps	6736
references__protocol__guides__for-solvers	3996
references__protocol__guides__third-party-oracle	18321
references__protocol__guides__withdrawals	9650
references__protocol__how-it-works	9401
references__protocol__overview	5127
references__protocol__security	4036
references__protocol__vaults__architecture	2246
references__protocol__vaults__backend	691
references__protocol__vaults__contracts__RelayBridge	6509
references__protocol__vaults__contracts__RelayBridgeFactory	2143
references__protocol__vaults__contracts__RelayPool	20597
references__protocol__vaults__contracts__RelayPoolFactory	4727
references__protocol__vaults__contracts__RelayPoolNativeGateway	4205
references__protocol__vaults__guides__bridging	3467
references__protocol__vaults__guides__interacting	1253
references__protocol__vaults__overview	3427
references__protocol__vaults__security	2225
references__relay-kit__hooks__installation	1229
references__relay-kit__hooks__useExecutionStatus	1258
references__relay-kit__hooks__useQuote	2508
references__relay-kit__hooks__useRelayChains	1142
references__relay-kit__hooks__useRequests	1294
references__relay-kit__hooks__useTokenList	1123
references__relay-kit__hooks__useTokenPrice	1916
references__relay-kit__overview	645
references__relay-kit__sdk__actions__claimAppFees	1678
references__relay-kit__sdk__actions__execute	2782
references__relay-kit__sdk__actions__executeGaslessBatch	2901
references__relay-kit__sdk__actions__fastFill	1396
references__relay-kit__sdk__actions__getAppFees	587
references__relay-kit__sdk__actions__getQuote	5063
references__relay-kit__sdk__adapters	7073
references__relay-kit__sdk__api-types	971
references__relay-kit__sdk__chain-utils	1748
references__relay-kit__sdk__createClient	1597
references__relay-kit__sdk__installation	4178
references__relay-kit__ui__installation	5047
references__relay-kit__ui__relay-kit-provider	2200
references__relay-kit__ui__swap-widget	6361
references__relay-kit__ui__theming	1851
references__relay-kit__ui__troubleshooting	2065
references__websockets__intent-status	1118
resources__brand-assets	424
resources__developing-with-ai	4771
security__bounties	10072
security__compliance	1272
security__mev-protection	607
security__unsupported-exchanges	1434
solutions__chains	2004
solutions__commerce-and-payments	4479
solutions__multichain-apps	2922
solutions__payment-service-providers	3930
solutions__wallets-and-wallet-providers	2988
use-cases__bridging	2189
use-cases__calling	1657
use-cases__cross-chain-swaps	1724
what-is-relay	1134