ts,date,collateral,liabilities,ratio,gap,chains_live,chains_rpc_error,legacy_escrows,supply_Arbitrum,supply_Berachain,supply_Conflux,supply_Flare,supply_HyperEVM,supply_Ink,supply_Mantle,supply_Monad,supply_Morph,supply_Optimism,supply_Plasma,supply_Polygon,supply_Rootstock,supply_Stable,supply_Tempo,supply_Unichain,supply_XLayer,escrow_Arbitrum_L1Gateway,escrow_Optimism_L1Bridge,escrow_Polygon_ERC20Pred
1753552800,2025-07-26,1436365409.132915,2642502323.031382,0.5435625908874014,-1206136913.898467,8,0,243335328.521948,1020215866.231344,1588983.468317,0.0,72550472.528254,95230836.991638,74747049.763367,0.0,0.0,0.0,0.0,0.0,1245115902.84962,1987396.428145,0.0,0.0,131065814.770697,0.0,139783.021025,243195545.500923,0.0
1753725600,2025-07-28,1443592744.176232,2630303723.412575,0.548831198209804,-1186710979.2363427,8,0,243399030.705506,1050576660.896154,1652935.586524,0.0,68473367.462698,89427315.874749,75052343.200141,0.0,0.0,0.0,0.0,0.0,1226771512.29223,2196089.085438,0.0,0.0,116153499.014641,0.0,139783.021025,243259247.684481,0.0
1753898400,2025-07-30,1484974229.432581,2673955926.398645,0.5553473094945823,-1188981696.966064,8,0,258400610.705506,1060192245.098985,1715577.202646,0.0,84584608.483348,91137045.822949,75662904.438863,0.0,0.0,0.0,0.0,0.0,1226418792.448727,2323643.51253,0.0,0.0,131921109.390597,0.0,139763.021025,258260847.684481,0.0
1754071200,2025-08-01,1492000154.186465,2664937686.253254,0.5598630549159781,-1172937532.066789,8,0,258406010.705506,1082150556.186489,11711932.057508,0.0,79272300.440652,100702631.575127,50919460.478375,0.0,0.0,0.0,0.0,0.0,1221057059.575127,1889189.802259,0.0,0.0,117234556.137717,0.0,139763.021025,258266247.684481,0.0
1754244000,2025-08-03,1511939251.830784,2683379173.5813723,0.5634459962707672,-1171439921.7505882,8,0,258673579.140457,1091842500.657382,32501957.434907,0.0,82976245.87711,109502495.115146,50907107.302878,0.0,0.0,0.0,0.0,0.0,1215047050.610444,2292939.660619,0.0,0.0,98308876.922886,0.0,139738.021025,258533841.119432,0.0
1754416800,2025-08-05,1567474015.997771,2732826626.208103,0.5735724326474009,-1165352610.2103322,8,0,258687829.887856,1121388194.013998,47772144.441557,0.0,82796631.209064,118358010.739257,50663763.62237,0.0,0.0,0.0,0.0,0.0,1211693995.37986,2980795.415139,0.0,0.0,97173091.386858,0.0,139738.021025,258548091.866831,0.0
1754589600,2025-08-07,1594841425.982286,2768929829.326869,0.5759775524430658,-1174088403.344583,8,0,245295203.408158,1136209688.096136,76835674.301256,0.0,71652726.120327,124082464.324789,50570215.589579,0.0,0.0,0.0,0.0,0.0,1222606341.875645,3641734.483384,0.0,0.0,83330984.535753,0.0,139738.021025,245155465.387133,0.0
1754762400,2025-08-09,1613619545.521807,2788168493.662261,0.5787381749667204,-1174548948.140454,8,0,245458148.356851,1119032177.024391,84332463.039821,0.0,73219103.900125,128087965.724296,49966538.378734,0.0,0.0,0.0,0.0,0.0,1226883283.526538,3798842.834062,0.0,0.0,102848119.234294,0.0,139738.021025,245318410.335826,0.0
1754935200,2025-08-11,1672720780.974777,2844302248.19748,0.5880952989559497,-1171581467.2227032,8,0,245556990.697618,1143516664.858005,87236791.207286,0.0,70505237.737067,135955305.364574,51095840.486697,0.0,0.0,0.0,0.0,0.0,1226826664.333128,3764115.282982,0.0,0.0,125401628.927741,0.0,139738.021025,245417252.676593,0.0
1755108000,2025-08-13,1678820587.029969,2857365952.079735,0.5875413283370438,-1178545365.0497658,8,0,225568999.480081,1167727307.269831,82933083.764085,0.0,70339472.650591,141763213.186274,50469978.585659,0.0,0.0,0.0,0.0,0.0,1232641003.692524,3839949.231667,0.0,0.0,107651943.699104,0.0,139738.021025,225429261.459056,0.0
1755280800,2025-08-15,1619525407.04934,2873610463.461279,0.563585575582368,-1254085056.411939,8,0,200001896.864566,1146612512.914203,56684781.320416,0.0,86026243.917867,148943359.472618,49844998.810584,0.0,0.0,0.0,0.0,0.0,1305553820.350207,3436318.328119,0.0,0.0,76508428.347265,0.0,149970.734945,199851926.129621,0.0
1755453600,2025-08-17,1634819841.837574,2890043348.129494,0.5656731214414721,-1255223506.2919202,8,0,202638139.120693,1144493843.593135,57802895.053123,0.0,86379536.683853,156472953.498968,49729450.187821,0.0,0.0,0.0,0.0,0.0,1305614264.204906,3409565.624585,0.0,0.0,86140839.283103,0.0,346330.941079,202291808.179614,0.0
1755626400,2025-08-19,1650844479.704525,2977401746.162273,0.5544580881073183,-1326557266.457748,8,0,204327283.93597698,1149046522.860386,64639264.676734,0.0,81194910.107399,165281123.868769,50756943.124465,0.0,0.0,0.0,0.0,0.0,1375461111.720077,3161345.560577,0.0,0.0,87860524.243866,0.0,346330.941079,203980952.994898,0.0
1755799200,2025-08-21,1438583182.650456,2765302377.562567,0.5202263572775983,-1326719194.9121113,8,0,207647908.231625,910249601.720719,54207515.73487,0.0,80037365.33651,190089674.648344,63889134.682506,0.0,0.0,0.0,0.0,0.0,1370952893.40211,2980638.059721,0.0,0.0,92895553.977787,0.0,346330.941079,207301577.290546,0.0
1755972000,2025-08-23,1450113636.65704,2755466743.129129,0.5262678783088052,-1305353106.4720888,8,0,209273119.763621,916432269.204859,38268376.407283,0.0,66934117.706865,188086859.078993,63289915.576729,0.0,0.0,0.0,0.0,0.0,1370960259.113327,2806579.781723,0.0,0.0,108688366.25935,0.0,346330.941079,208926788.822542,0.0
1756144800,2025-08-25,1384716130.154457,2696807414.505784,0.5134649670222075,-1312091284.351327,8,0,203495059.37513497,942841058.715191,29978310.252869,0.0,66871977.776783,140975324.524167,63231759.234127,0.0,0.0,0.0,0.0,0.0,1378693980.078879,2591315.319655,0.0,0.0,71623688.604113,0.0,346311.91886,203148747.456275,0.0
1756317600,2025-08-27,2690366006.856813,2656760626.780451,1.0126490056114261,33605380.07636213,8,0,203532717.89051798,876429994.123259,48697724.917677,0.0,77572371.827261,154872836.18302,63459549.09873,0.0,0.0,0.0,0.0,0.0,1358516201.53633,2706630.549022,0.0,0.0,74505318.545152,0.0,346311.91886,203186405.971658,0.0
1756490400,2025-08-29,2775870043.649037,2743328299.558678,1.0118621399034136,32541744.090358734,9,0,205275781.86624998,896746978.29885,67553447.571273,0.0,63290455.715158,172184532.189597,63368289.06819,0.0,0.0,0.0,0.0,0.0,1405963960.547735,2486766.888184,0.0,0.0,71733869.279691,0.0,346311.91886,204929469.94739,0.0
1756663200,2025-08-31,2784142248.457277,2756031282.938516,1.0101997991433496,28110965.51876068,9,0,207398857.101914,907974642.004587,66070755.085536,0.0,63688400.777002,178297792.919302,63481188.827295,0.0,0.0,0.0,0.0,0.0,1407559769.672736,2491151.105113,0.0,0.0,66467582.546945,0.0,346311.91886,207052545.183054,0.0
1756836000,2025-09-02,2802720719.050226,2773070495.830759,1.0106921995903262,29650223.219467163,9,0,209463529.821914,909201778.334082,78212584.328443,0.0,56564072.417492,177978963.026716,63642600.527776,0.0,0.0,0.0,0.0,0.0,1408749548.006569,2265967.38367,0.0,0.0,76454981.806011,0.0,346311.91886,209117217.903054,0.0
1757008800,2025-09-04,2793572964.672196,2764791332.962321,1.0104100556764395,28781631.709875107,9,0,209479999.274034,920751179.249653,59136581.331685,0.0,56988031.774581,183980557.667755,63575190.937711,0.0,0.0,0.0,0.0,0.0,1408262902.635037,2188861.359391,0.0,0.0,69908028.006508,0.0,346311.91886,209133687.355174,0.0
1757181600,2025-09-06,2817173307.738708,2788748637.124763,1.0101926255509537,28424670.613945007,9,0,209425310.389113,916958889.673237,66731189.13597,0.0,58637171.014272,187724148.813713,63743519.874494,0.0,0.0,0.0,0.0,0.0,1436308176.638306,2246109.081371,0.0,0.0,56399261.347919,171.545481,346191.61469,209079118.774423,0.0
1757354400,2025-09-08,2822245160.370972,2790128360.88024,1.0115108680808504,32116799.490732193,10,0,197835934.66639802,868979966.515413,69100291.662353,0.0,56936224.542064,192858379.244098,63712915.428884,0.0,0.0,0.0,0.0,0.0,1458653698.101986,2296305.08628,0.0,0.0,67588398.889681,10002181.409481,346171.61469,197489763.051708,0.0
1757527200,2025-09-10,2877026683.389861,2802436684.009209,1.026616122964085,74589999.38065195,10,0,197870480.921384,870305106.150699,55717475.091919,0.0,65611198.680817,174223041.807974,63400466.866987,0.0,0.0,0.0,0.0,0.0,1482372418.925647,2328295.245997,0.0,0.0,65569040.610024,22909640.629145,346171.61469,197524309.306694,0.0
1757700000,2025-09-12,2820911656.200503,2779992252.694045,1.0147192509140281,40919403.506457806,10,0,197976249.15132302,877437549.13684,39452806.365348,0.0,64614980.275849,182411595.142518,63447227.862615,0.0,0.0,0.0,0.0,132.0,1468476924.835932,2367703.236115,0.0,0.0,59769422.306075,22013911.532753,139540.855695,197836708.295628,0.0
1757872800,2025-09-14,2810349041.46429,2748394885.948183,1.0225419410554366,61954155.51610708,10,0,199230448.45469302,893421192.990436,28592677.739874,0.0,64467173.53881,161443603.181778,63267993.527879,0.0,0.0,0.0,0.0,133.0,1446932499.10239,2352850.929867,0.0,0.0,64125789.379515,23790972.557634,139540.855695,199090907.598998,0.0
1758045600,2025-09-16,2801267243.18259,2765068310.795493,1.0130915146818498,36198932.38709688,10,0,200821473.532419,900400861.984929,23525651.282558,0.0,59633888.735355,171112417.6219,83234089.273136,0.0,0.0,0.0,0.0,133.0,1435392337.156045,2257807.433345,0.0,0.0,68493956.411819,21017167.896406,139540.855695,200681932.676724,0.0
1758218400,2025-09-18,2866165215.642086,2829755355.422954,1.0128667872822843,36409860.21913195,10,0,201531111.022204,920553772.708837,49292737.312296,0.0,64016509.987037,188004590.856871,83437910.991009,0.0,0.0,0.0,0.0,435.050212,1418866952.160684,2304207.38702,0.0,0.0,79920683.255966,23357555.713022,139540.855695,201391570.166509,0.0
1758391200,2025-09-20,2866083965.176925,2806978358.031492,1.021056666495599,59105607.14543295,10,0,201661812.840318,936187483.96754,36424074.94272,0.0,65256701.985716,166236107.173266,83382803.225947,0.0,0.0,0.0,0.0,1265.5469,1414907686.741626,2301703.191264,0.0,0.0,78136644.610871,24143886.645642,139543.855695,201522268.984623,0.0
1758564000,2025-09-22,2844960838.006031,2809678546.367529,1.012557412193689,35282291.63850212,10,0,207185272.834728,975621034.120748,45171425.979124,0.0,66109170.311195,161269174.346603,68837803.093024,0.0,0.0,0.0,0.0,3203.277788,1405330198.543708,2272216.28341,0.0,0.0,63674056.994726,21390263.417203,139545.355695,207045727.479033,0.0
1758736800,2025-09-24,4951788883.495705,4917702313.6634445,1.006931401629894,34086569.83226013,10,0,201737042.87512302,1039114780.240142,44539167.507555,0.0,64634614.123069,146678557.039402,68946471.242742,0.0,0.0,0.0,0.0,2032475351.048145,1421846306.706071,2173426.021961,0.0,0.0,65069933.09997,32223706.634388,139045.355695,201597997.519428,0.0
1758909600,2025-09-26,7127963738.961355,7080164175.337855,1.0067511942434892,47799563.62349987,10,0,206301441.666711,790752799.021254,44018424.827633,0.0,58719235.322642,163247232.181624,68942793.619471,0.0,0.0,0.0,0.0,4431974881.685707,1426623688.535032,2290012.74662,0.0,0.0,58098453.579023,35496653.818849,139045.355695,206162396.311016,0.0
1759082400,2025-09-28,7544119946.839702,7503949704.384125,1.0053532131794685,40170242.4555769,10,0,207418284.88411102,776516217.69756,40347671.82876,0.0,55115746.622406,171907340.29187,69248345.998119,0.0,0.0,0.0,0.0,4891791786.50882,1403097452.388191,2494978.504841,0.0,0.0,55910002.57115,37520161.972408,139045.355695,207279239.528416,0.0
1759255200,2025-09-30,7558010375.181381,7499582776.682001,1.0077907798659207,58427598.49938011,10,0,207481440.622696,820987801.835563,47167276.230437,0.0,61312368.212592,187960913.000687,68684841.028512,0.0,0.0,0.0,0.0,4839905265.154123,1370540683.542058,2110773.431847,0.0,0.0,53498170.755619,47414683.490563,139045.355695,207342395.267001,0.0
1759428000,2025-10-02,6998116590.316795,6905857959.787043,1.0133594740967706,92258630.52975273,10,0,210660622.888199,892853899.405019,46606410.319938,0.0,80282788.888123,161038997.759015,68261825.779726,0.0,0.0,0.0,0.0,4706666655.350966,861551474.128418,1980631.369048,0.0,0.0,54548580.479426,32066696.307363,139045.355695,210521577.532504,0.0
1759600800,2025-10-04,6709807478.87523,6648678760.653819,1.009194115165131,61128718.22141075,10,0,217749276.81492501,959787071.334785,48847384.518434,0.0,77685639.306294,148995708.322747,68327895.295737,0.0,0.0,0.0,0.0,4383719703.013592,875359474.051711,2058289.780135,0.0,0.0,58731863.608378,25165731.422006,139045.355695,217610231.45923,0.0
1759773600,2025-10-06,6456279698.241311,6416749122.450968,1.0061605300497152,39530575.790343285,10,0,221154070.361512,939565397.673999,50906438.379887,0.0,76574152.614557,160176003.807427,59205461.122394,0.0,0.0,0.0,0.0,4167614972.260384,875198257.222919,2197266.107482,0.0,0.0,58724538.122251,26586635.139668,139045.355695,221015025.005817,0.0
1759946400,2025-10-08,7699277863.490938,7663560988.248774,1.004660610817469,35716875.24216461,10,0,228494899.241939,971688923.211655,51765555.122707,0.0,80855272.751158,177464231.896987,59798126.954657,0.0,0.0,0.0,0.0,5348745581.698323,887882393.847542,2491499.725203,0.0,0.0,56196087.126514,26673315.914027,139045.355695,228355853.886244,0.0
1760119200,2025-10-10,6992917399.65913,6947029362.604234,1.0066054186127256,45888037.054896355,10,0,228665200.44863,987780588.612869,50903998.163335,0.0,81863628.643957,160916685.990289,60187526.467131,0.0,0.0,0.0,0.0,4627589932.261878,889818516.94672,2427531.83188,0.0,0.0,55572516.527937,29968437.158238,139045.355695,228526155.092935,0.0
1760292000,2025-10-12,7410266436.992901,7374212803.455261,1.004889150136913,36053633.53763962,10,0,232826237.348095,1001759725.904266,60682456.717395,0.0,82719252.217565,185771003.664931,59931490.162904,0.0,0.0,0.0,0.0,5017496336.138373,898283166.313414,2318792.141784,0.0,0.0,38732020.298568,26518559.896061,139045.355695,232687191.9924,0.0
1760464800,2025-10-14,7470526010.188381,7430018461.897112,1.005451877205824,40507548.2912693,10,0,216850230.659246,1025584056.423959,54514946.996551,0.0,82841840.410431,193744670.886512,60102344.128244,0.0,0.0,0.0,0.0,5037574028.230734,910858697.159584,1975657.832584,0.0,0.0,38967197.80556,23855022.022953,139045.355695,216711185.303551,0.0
1760637600,2025-10-16,7594880708.910347,7560794876.81923,1.0045082339418598,34085832.091116905,10,0,212859599.004825,1008151875.879725,56726896.913052,0.0,83667765.354706,187526087.711588,83218292.752485,0.0,0.0,0.0,0.0,5195450855.755157,887526554.505019,2379925.939533,0.0,0.0,30393141.26886,25753480.739105,139040.350169,212720558.654656,0.0
1760810400,2025-10-18,7721668711.292465,7687371714.520315,1.0044614724051093,34296996.77215004,10,0,218126054.559016,976043495.316311,57946668.730102,0.0,85543178.991754,188603630.33733,91396007.688364,0.0,0.0,0.0,0.0,5337343137.974781,890378434.831186,2248099.035977,0.0,0.0,30538267.794516,27330793.819994,139040.350169,217987014.208847,0.0
1760983200,2025-10-20,7678492065.485754,7641464935.731116,1.0048455538389636,37027129.75463772,10,0,220079754.069565,991868477.439509,29124595.433562,0.0,85825396.667582,199696447.274551,83942484.110897,0.0,0.0,0.0,0.0,5298904085.412844,883154384.99092,1957717.76791,0.0,0.0,38506255.222909,28485091.410433,139040.350169,219940713.719396,0.0
1761156000,2025-10-22,7084478976.374676,7044172002.640923,1.0057220314493516,40306973.733753204,10,0,220165448.610854,994818429.614069,25002037.61592,0.0,85956258.474277,191062618.548981,103913115.741004,0.0,0.0,0.0,0.0,4695772203.176814,878688986.593943,1605726.348184,0.0,0.0,37327926.216127,30024700.311603,139040.350169,220026408.260685,0.0
1761328800,2025-10-24,7092938311.060946,7055860225.704758,1.0052549347875561,37078085.356188774,10,0,195541251.473283,996547919.315147,23612590.152781,0.0,82516138.670207,193032379.84994,83942255.188326,0.0,0.0,0.0,0.0,4732392772.875814,878941720.347231,1315512.561015,0.0,0.0,35695988.61092,27862948.133376,139040.350169,195402211.123114,0.0
1761501600,2025-10-26,7179360272.377757,7145656566.527464,1.004716670264867,33703705.85029316,10,0,196737112.894083,1000043870.149534,22439292.965937,0.0,80791083.94469,192058374.012715,96705076.6517,0.0,0.0,0.0,0.0,4824486406.28314,867503422.036979,1335006.406942,0.0,0.0,35572605.418401,24721428.657426,139040.350169,196598072.543914,0.0
1761674400,2025-10-28,6994571975.041646,6847174337.22073,1.0215267832483355,147397637.82091618,11,0,197968055.926911,975454247.902536,18558192.590219,0.0,80706174.252828,182986268.179553,104271858.109497,0.0,0.0,0.0,0.0,4562739493.051299,849548962.116038,1338041.193012,0.0,0.0,36058760.9248,35512338.900948,139040.350169,197829015.576742,0.0
1761847200,2025-10-30,6501874585.398019,6363096281.496524,1.021809870189306,138778303.90149498,11,0,199194330.100191,960380007.431742,27675317.673589,0.0,77237905.53005,162477296.920828,120053404.573653,0.0,0.0,0.0,0.0,4081096653.74653,862279069.692062,1447856.736529,0.0,0.0,35003551.204629,35445217.986912,139026.864623,199055303.235568,0.0
1762020000,2025-11-01,5082661314.548197,5046189518.1332655,1.0072275914893547,36471796.4149313,12,0,200232547.640933,960854310.493577,29082410.094775,0.0,62836982.107285,165289734.542883,111853800.664998,0.0,0.0,0.0,0.0,2774047382.741627,869877857.537737,1415282.382741,0.0,0.0,34463019.050443,36468738.517199,139026.864623,200093520.77631,0.0
1762192800,2025-11-03,4894280088.415653,4855976620.184746,1.0078879021105027,38303468.23090744,12,0,200436302.607151,969309115.127272,27671061.591559,0.0,66465338.096136,167171847.296269,125652998.107319,0.0,0.0,0.0,0.0,2568131353.803669,869392384.214708,1375110.641735,0.0,0.0,34210371.146284,26597040.159795,139026.864623,200297275.742528,0.0
1762365600,2025-11-05,3703883253.300895,3271751309.006975,1.132079703950689,432131944.29392004,12,0,200497897.039869,959260423.576329,28319862.680907,0.0,51325250.191501,181416670.518116,134798023.218838,0.0,0.0,0.0,0.0,976507617.990118,876111821.642593,1207519.732116,0.0,0.0,35470658.14196,27333461.314497,139026.864623,200358870.175246,0.0
1762538400,2025-11-07,3519105125.932111,3482358694.833077,1.0105521671715083,36746431.09903383,12,0,203758552.75691,967391588.473381,29761173.742381,0.0,53033824.274451,188662684.13539,125324709.67764,0.0,0.0,0.0,0.0,1165949918.175264,888835733.490721,1135752.256915,0.0,0.0,35318654.010621,26944656.596313,139026.864623,203619525.892287,0.0
1762711200,2025-11-09,3629998020.752919,3600261005.042372,1.00825968330321,29737015.71054697,12,0,205026320.80868402,975708854.980521,36536620.032498,0.0,52733083.587197,190104506.520459,126443398.448276,0.0,0.0,0.0,0.0,1261936419.890999,892932756.508514,1094494.130069,0.0,0.0,34537075.931563,28233795.012276,139026.864623,204887293.944061,0.0
1762884000,2025-11-11,3794248774.982286,3763756627.812664,1.0081015193555016,30492147.169621944,13,0,205103574.01746202,968814758.121586,40889895.295044,22.561651,52654901.27513,212984334.620924,126425036.701691,0.1,0.0,0.0,12753555.396804,1394370542.121331,892075588.886629,1052020.38475,0.0,0.0,33166261.451721,28569710.895403,139011.877348,204964562.140114,0.0
1763056800,2025-11-13,4037457345.656311,4018954351.571434,1.0046039323829699,18502994.084877014,13,0,187262021.798405,984325998.23408,38824348.74319,42510.532164,59456139.10661,213399507.145302,130574996.363315,0.1,0.0,0.0,13607765.746744,1607036113.870932,908573093.517202,997434.581607,0.0,0.0,34192700.785833,27923742.844455,139011.877348,187123009.921057,0.0
1763229600,2025-11-15,4113730390.286196,4093249919.340444,1.0050034743417406,20480470.945752144,13,0,187378509.322391,979170107.634288,31095089.578836,42730.797935,59048980.682391,221884663.882131,132396709.399253,0.1,0.0,0.0,13963723.373294,1672847597.129048,912729011.981536,942210.666175,0.0,0.0,41253862.295197,27875231.82036,138985.783919,187239523.538472,0.0
1763402400,2025-11-17,3984865417.024278,3922457494.384761,1.015910414001645,62407922.63951731,13,0,187863118.228535,1006974013.482447,38013903.126109,89720.797935,56306565.634216,218215880.758277,131649441.103782,0.1,0.0,0.0,13805255.2783,1463523892.76224,927771643.297066,1317020.646124,0.0,0.0,36714089.379646,28076068.018619,138985.783919,187724132.444616,0.0
1763575200,2025-11-19,3893195723.504724,3875002728.85284,1.0046949630554893,18192994.65188408,13,0,188977361.68403402,1041894951.762179,42708598.134152,73009.462467,57019855.424415,227986415.807914,136093447.511504,0.1,0.0,0.0,12487723.009076,1368524998.011655,922975014.76346,1653584.098909,0.0,0.0,35240580.212521,28344550.554588,138985.783919,188838375.900115,0.0
1763748000,2025-11-21,3753069579.393633,3732903229.40162,1.0054023232729892,20166349.992012978,13,0,176980371.68403402,1064576628.989978,50330097.950365,636553.089098,52366113.577104,158115176.116155,134004753.982323,0.2,0.0,0.0,12851377.799674,1264714403.137439,928671460.643372,1668791.703127,0.0,0.0,34596655.29018,30371216.922805,138985.783919,176841385.900115,0.0
1763920800,2025-11-23,4009371900.626759,3986075369.501743,1.0058444783315597,23296531.125016212,13,0,177040397.625866,1079249957.039247,52993985.871374,905824.241691,58856654.908453,162769083.293172,135579213.262651,0.3,0.0,0.0,13353724.268188,1491370815.272661,924825392.085527,1628846.703307,0.0,0.0,34199599.638357,30342272.617115,138983.783919,176901413.841947,0.0
1764093600,2025-11-25,3845899936.819353,3821767886.274906,1.0063143684448006,24132050.544446945,13,0,177045697.625866,1089552239.828263,55509679.056817,897034.171122,58250687.061533,166012851.12421,132869945.162042,1700000.2,0.0,0.0,12747311.808894,1308636205.115631,934227308.707253,1602749.114604,0.0,0.0,33626135.213612,26135739.710925,138983.783919,176906713.841947,0.0
1764266400,2025-11-27,3775837534.899538,3745349430.350733,1.008140256367468,30488104.548805237,13,0,177071409.695275,1091293028.158908,58128661.280385,907034.646122,57774737.870443,167463301.332346,144087503.935924,1699982.64698,0.0,0.0,12542531.794587,1360923278.089976,789285068.326168,1793335.865864,0.0,0.0,33305430.807565,26145535.595465,138983.783919,176932425.911356,0.0
1764439200,2025-11-29,3615879398.931829,3583840492.340702,1.0089398249335035,32038906.59112692,13,0,177071399.695275,972319334.479683,51658929.242027,964616.698313,57369544.616363,178742216.676386,149828613.484478,1699674.099592,0.0,0.0,11681577.201703,1315067832.009879,783751607.871894,1599028.275708,0.0,0.0,33140808.941255,26016708.743421,138983.783919,176932415.911356,0.0
1764612000,2025-12-01,3774645608.891912,3741369529.4067698,1.0088940905792907,33276079.48514223,13,0,177455429.36753002,970824451.168844,54589216.248533,1035416.98815,59653875.353131,173770120.246864,151007415.688806,1670909.721808,0.0,0.0,11623456.694411,1465351526.572099,793046520.547227,1480423.742388,0.0,0.0,33202934.011678,24113262.422831,138983.783919,177316445.583611,0.0
1764784800,2025-12-03,3762638534.096209,3726047834.894641,1.0098202440824549,36590699.20156813,13,0,177485588.73073098,985482263.124729,52143904.843551,1185585.949447,57572147.759436,172349038.787438,153698406.11199,26710486.766249,0.0,0.0,11509877.767508,1410568388.208856,796910633.626519,1703840.574058,0.0,0.0,31837037.702844,24376223.672016,138976.996287,177346611.734444,0.0
1764957600,2025-12-05,3945954147.705033,3899394268.121029,1.0119402851783026,46559879.584003925,12,0,178571976.686749,1006064382.675169,46768410.891466,1331472.039516,60260921.765824,173740282.458391,160864821.505072,26961920.309695,0.0,0.0,0.0,1521415410.169775,844712826.192999,1684399.42316,0.0,0.0,31213252.689901,24376168.000061,138950.837922,178433025.848827,0.0
1765130400,2025-12-07,3960462807.677323,3914030086.205776,1.011863148838633,46432721.47154665,12,0,178601957.328984,1007792729.348345,46243581.182228,1683132.922827,60471595.609255,174320964.825395,164575231.397137,26989334.009789,0.0,0.0,0.0,1534733410.191637,839569969.442866,1664050.362125,0.0,0.0,31159895.204254,24826191.709918,138950.837922,178463006.491062,0.0
1765303200,2025-12-09,4679452439.007435,4124925066.920895,1.1344333201428247,554527372.0865397,12,0,148612205.400554,988048865.733479,52496604.278987,2236303.472284,59901128.353492,172680799.648745,163982333.365046,76965193.687087,0.0,0.0,0.0,1707312532.665154,845580908.123444,1625229.873936,0.0,0.0,30776692.279106,23318475.440135,138950.837922,148473254.562632,0.0
1765476000,2025-12-11,4655582784.65941,4121719496.834103,1.1295244104397129,533863287.82530737,12,0,155350191.950554,1019251591.993497,54664676.417523,2232432.722284,59837553.581295,176111540.639096,169349804.773529,77034991.748131,0.0,0.0,0.0,1651193427.746397,863134435.071644,2298143.993936,0.0,0.0,23221612.772534,23389285.374237,138950.837922,155211241.112632,0.0
1765648800,2025-12-13,4562751392.195989,4032477636.105185,1.1315007308020621,530273756.0908036,12,0,157734659.670554,1045223419.280167,40348406.937933,2252348.144279,60221253.29723,174178812.238639,171832963.38271,126981154.588921,0.0,0.0,0.0,1505905176.325095,856250700.815569,2198409.008487,0.0,0.0,22753499.403751,24331492.682404,138950.837922,157595708.832632,0.0
1765821600,2025-12-15,4835825950.565246,4075496934.076984,1.186561057163563,760329016.4882617,12,0,157734659.670554,1050936075.082066,38711283.928471,2252298.447276,56191060.423109,175645926.888641,179120559.663121,126986359.64387,0.0,0.0,0.0,1519534102.934103,869684586.592822,2173940.733143,0.0,0.0,29799077.677787,24461662.062575,138950.837922,157595708.832632,0.0
1765994400,2025-12-17,4252321889.03336,4089326988.051149,1.03985861278848,162994900.9822111,12,0,159938576.608231,1000919355.731045,36018564.03514,2183997.619298,57940322.466899,175933708.667839,187374823.496958,177001936.307403,0.0,0.0,0.0,1508485920.087334,882862626.971203,2159858.18806,0.0,0.0,29753936.79691,28691937.68306,138950.837922,159799625.770309,0.0
1766167200,2025-12-19,4234736181.182264,4100675978.922633,1.0326922202458073,134060202.25963068,13,0,162523812.846093,1010715202.986765,40364349.102127,1954993.843494,56564063.319166,176065210.306478,214709117.004503,226981295.813012,0.0,0.0,11927578.791445,1418112855.768954,880772677.386211,2143438.046812,0.0,0.0,29523169.361409,30842027.192257,138950.837922,162384862.008171,0.0
1766340000,2025-12-21,4303249723.078843,4168942809.90702,1.0322160603529167,134306913.17182302,13,0,162562300.965493,1015412703.003739,39497942.843374,1969993.843494,58091681.827975,175061342.273936,216157606.948407,276824187.934141,0.0,0.0,11785110.225684,1431771387.086308,884787652.531888,2136898.688212,0.0,0.0,28842745.218795,26603557.481067,138950.837922,162423350.127571,0.0
1766512800,2025-12-23,4228418755.267759,4145430171.633605,1.0200192935830952,82988583.63415384,13,0,162565146.243775,1005647543.022635,33971526.887255,1958641.296184,57655333.108589,180781267.702333,239958479.443618,271815825.070613,0.0,0.0,11684467.488741,1388514099.158342,891489633.25599,2080346.51889,0.0,0.0,27943443.793957,31929564.886458,138950.837922,162426195.405853,0.0
1766685600,2025-12-25,4159753269.381618,4078546949.494939,1.019910600734101,81206319.88667917,13,0,151146520.955302,1023328270.698337,59125513.670176,1904207.011247,55108004.85556,177751017.130659,235552932.542608,303002776.997251,0.0,0.0,11615285.926213,1262841951.954103,894257168.053379,2075927.949256,0.0,0.0,25760307.249297,26223585.456853,138946.387741,151007574.567561,0.0
1766858400,2025-12-27,4250246349.989232,4166763417.507358,1.0200354385687238,83482932.48187399,13,0,152157655.075302,1027750941.84456,52937133.606922,1851170.111247,57400385.119725,175444283.334702,234121253.09729,399589702.649186,0.0,0.0,11616939.262803,1262451836.530753,891670270.31415,2099176.201092,0.0,0.0,25075698.233791,24754627.201137,138946.387741,152018708.687561,0.0
1767031200,2025-12-29,4277560990.293587,4189228760.561255,1.0210855588894834,88332229.73233223,13,0,153195285.915415,1039601113.93684,52648655.972056,2133659.052061,57929891.030892,173249425.474533,231669725.249182,394385173.339429,0.0,0.0,11457617.448964,1282238661.405735,892369819.143671,2122210.184888,0.0,0.0,24046390.792572,25376417.530432,138946.387741,153056339.527674,0.0
1767204000,2025-12-31,4527803035.592,4230927601.273087,1.0701679306045282,296875434.318913,13,0,153220898.916513,1037239001.163954,54207738.272084,2127292.482549,58293923.198565,152417258.324593,215589419.206559,381958730.936384,0.0,0.0,11445479.651719,1372280310.105964,892309087.565311,2099655.384078,0.0,0.0,23685446.708457,27274258.27287,138946.387741,153081952.528772,0.0
1767376800,2026-01-02,4466538877.188019,4281360899.39782,1.0432521299048263,185177977.7901988,13,0,154231937.977064,1033807745.709017,59234555.36048,2180182.398305,58292931.052179,150971094.252379,215980034.845543,373173586.065935,0.0,0.0,11344248.894441,1423276278.813146,892735366.072029,2174854.953712,0.0,0.0,32188443.205766,26001577.774888,138946.387741,154092991.589323,0.0
1767549600,2026-01-04,4456001106.742613,4291335345.900659,1.0383716833034855,164665760.84195375,13,0,155344253.43736,1044809119.248304,58582884.147105,2170181.408305,58174902.932586,150888073.00013,213628493.275351,363143599.665686,0.0,0.0,11241643.423201,1440218140.447857,890336887.483621,2101564.551985,0.0,0.0,31433325.382883,24606530.933645,138946.387741,155205307.049619,0.0
1767722400,2026-01-06,4447813991.334541,4298285474.539236,1.0347879445609263,149528516.79530525,13,0,156809571.918457,1046490976.547025,52773646.907321,2272190.308305,55418203.608285,153739768.302708,235126446.20077,355115978.183291,0.0,0.0,11283707.53042,1406157825.248452,921302293.855597,2229167.067843,0.0,0.0,30662606.266995,25712664.512224,138946.387741,156670625.530716,0.0
1767895200,2026-01-08,4568423008.600741,4427251110.339138,1.0318870320980706,141171898.26160336,13,0,161764000.179682,1048794133.539569,85087900.291003,2282178.108305,59203607.682352,153047731.136929,239551089.800358,343694412.784461,0.0,0.0,11593983.993809,1507773028.530862,920159078.096365,2218291.812564,0.0,0.0,29004833.099462,24840841.463099,138946.387741,161625053.791941,0.0
1768068000,2026-01-10,4716550805.735899,4578011024.225441,1.030262002598366,138539781.510458,13,0,159378959.978937,1038346735.294459,89430419.786136,2192171.250741,59392376.728747,152645364.680515,247838788.634798,340074559.966138,0.0,0.0,11576285.813485,1645577000.858753,934111327.026014,2195177.184412,0.0,0.0,28357394.544318,26273422.456925,138946.387741,159240013.591196,0.0
1768240800,2026-01-12,4665370722.571222,4421730963.553685,1.0551005389124188,243639759.01753712,13,0,160565175.941807,1038632234.419423,93585864.09532,2187166.040741,59321577.987194,153249617.60336,252317382.387965,331440774.299018,0.0,0.0,11618306.867642,1486696593.761815,935285979.51514,2193826.780932,0.0,0.0,27244133.404734,27957506.390401,138946.387741,160426229.554066,0.0
1768413600,2026-01-14,4713020392.349708,4537241626.430485,1.0387413279679156,175778765.91922283,13,0,150452301.711267,1047917682.870133,118593335.050039,2316355.265559,58492397.643494,128149637.626596,235713627.626747,328193846.359426,0.0,0.0,10995171.639024,1593585864.280138,947139747.056549,2350491.236901,0.0,0.0,37308179.281615,26485290.494264,138946.387741,150313355.323526,0.0
1768586400,2026-01-16,4621800999.184772,4466355826.802768,1.0348035800124056,155445172.38200378,13,0,149356052.261376,1027264417.514445,118469010.177153,2275857.874066,57672103.450252,129860538.415281,220961186.021239,335271173.631772,0.0,0.0,11106547.357036,1548718092.555438,948506809.091276,2376529.846444,0.0,0.0,36375810.843645,27497750.024721,138946.387741,149217105.873635,0.0
1768759200,2026-01-18,4647635206.996876,4495553712.67037,1.0338293131495406,152081494.32650566,13,1,149356052.261376,1025439466.411061,117955119.269247,2262857.874066,57586922.611969,130788561.728997,221456393.265806,335912849.060588,0.0,0.0,10736647.77571,1565704432.358813,966064756.387023,2376283.78284,0.0,0.0,32340954.875647,26928467.268603,138946.387741,149217105.873635,0.0
1768932000,2026-01-20,4709817810.712589,4502700138.381024,1.0459985488631796,207117672.3315649,13,1,182284739.101778,1032267516.363007,112742124.58055,2009681.012707,50860482.219828,141765063.261406,209058719.449347,336938265.878097,0.0,0.0,10714769.122282,1587681944.251345,954546147.439068,1805310.001934,0.0,0.0,32155993.010059,30154121.791395,138946.387741,182145792.714037,0.0
1769104800,2026-01-22,4609971972.590223,4418447403.559271,1.0433465766451515,191524569.03095245,13,1,187117392.801778,1016055242.890149,113352076.927845,2563782.353205,56345016.113266,142217172.662317,230574135.135482,325322201.739141,0.0,0.0,10525018.168147,1495797720.078584,962820904.562652,1710846.93412,0.0,0.0,31160768.436405,30002517.557958,138946.387741,186978446.414037,0.0
1769277600,2026-01-24,4556803957.818314,4367457198.299412,1.0433540046122556,189346759.51890182,13,1,197937285.131778,1020167612.784554,111453983.234847,2511876.307876,57540328.493524,143009613.363295,232960583.044785,319884236.82987,0.0,0.0,10469499.908968,1545715692.225943,862439517.263751,1738159.725381,0.0,0.0,29091659.029985,30474436.086633,138946.387741,197798338.744037,0.0
1769450400,2026-01-26,4577273472.391965,4381646844.599137,1.0446468268053046,195626627.7928276,13,1,197937453.197679,1003679174.051943,102935316.265697,2465565.048577,57015760.726921,142908916.477714,231863588.31661,317622011.27637,0.0,0.0,10527684.825093,1593034091.664414,859139556.674359,1668799.584762,0.0,0.0,29245292.593274,29541087.093403,138946.387741,197798506.809938,0.0
1769623200,2026-01-28,4444090098.549156,4252534470.5181518,1.0450450500422785,191555628.03100443,14,1,212289604.007679,994999775.260089,48834632.720351,2471596.280015,51358361.49822,162091128.248152,227131996.605669,317619198.975949,0.0,0.0,12418252.736126,1511885297.500079,860704979.621491,1824787.057232,0.0,0.0,28917219.654605,32277244.360174,138946.387741,212150657.619938,0.0
1769796000,2026-01-30,4371581626.881146,4173639835.552224,1.0474266585350271,197941791.32892227,14,1,192444541.022773,983093300.29559,44714986.176289,2962567.58398,48276696.564122,159358992.512572,232994627.596496,314991628.905627,0.0,0.0,12367933.849426,1421912358.109185,882915081.88349,1777244.11414,0.0,0.0,33732374.222472,34542043.738835,138946.387741,192305594.635032,0.0
1769968800,2026-02-01,4404720272.089167,4209831666.029958,1.0462936814390482,194888606.05920887,14,1,192472412.056065,972942674.220816,43769541.711828,2932567.59689,46523215.032176,162346620.271494,211396456.655006,316759664.787329,0.0,0.0,11997566.587738,1483614519.254809,889201172.678869,1687187.639322,0.0,0.0,33789566.999222,32870912.594459,138946.387741,192333465.668324,0.0
1770141600,2026-02-03,4270321377.136425,4064261232.44874,1.0507005167489032,206060144.687685,14,1,192516599.684015,943979827.186648,39496776.820759,2929567.48691,45398748.433842,159201690.875986,210989821.985343,311846297.836632,0.0,0.0,11895513.545903,1385822964.793805,884488077.440288,1630313.139681,0.0,0.0,32964701.394853,33616931.50809,138946.387741,192377653.296274,0.0
1770314400,2026-02-05,4402829964.107651,4206064455.583969,1.0467813821213452,196765508.52368164,14,1,177510099.537983,941762162.561566,40457721.198139,2986743.686329,48263899.853685,132597945.485813,230882678.407279,311892816.352882,0.0,0.0,14787095.524047,1486577140.402169,907249216.847454,1819158.963365,0.0,0.0,37009870.205238,49778006.096003,138946.387741,177371153.150242,0.0
1770487200,2026-02-07,4414816511.079193,4220077423.801156,1.0461458565143171,194739087.27803707,14,1,170736551.684398,954713112.708227,36416938.442891,2760940.752596,37635437.345109,140900524.836559,229588836.359355,319842235.246233,0.0,0.410001,14638547.066933,1492578617.095596,907024708.668117,1498855.385745,0.0,0.0,36304187.413658,46174482.070136,138946.387741,170597605.296657,0.0
1770660000,2026-02-09,4375309622.971048,4165846316.9060698,1.0502810929954192,209463306.0649786,14,1,155294131.394473,955842758.48736,33312726.896069,2974223.88441,42616615.752283,142428349.383436,226607283.886197,318418738.396622,0.0,1.520001,14581147.087713,1428730403.821146,908554387.739486,1444970.439966,0.0,0.0,36363980.293054,53970729.318327,138945.387741,155155186.006732,0.0
1770832800,2026-02-11,4435470122.336864,4211861807.21162,1.0530901357547815,223608315.12524462,14,1,151301412.218998,967723136.888591,30939463.472062,3103956.510024,48745054.230849,143217954.03398,240277553.639773,360691952.350416,0.0,22.770001,14593686.534427,1387754711.415325,918764549.500799,1413325.50831,0.0,0.0,42546491.086721,52089949.270342,138945.387741,151162466.831257,0.0
1771005600,2026-02-13,4489446838.136544,4258105914.964628,1.0543295370739592,231340923.171916,14,1,151325752.779105,972006000.230324,28886831.156073,3041585.454186,48678820.973613,142506641.007419,228938879.933511,347143697.360699,0.0,22.850001,11890934.340952,1471012236.825426,915627847.094064,1413314.50831,0.0,0.0,39205728.583329,47753374.646721,138945.387741,151186807.391364,0.0
1771178400,2026-02-15,4508626285.488727,4275256365.2923303,1.0545861815658484,233369920.19639635,14,1,151376562.550987,976880256.327036,28088727.659143,3050950.060218,49809481.635143,143409745.608938,229643405.198397,349401266.163882,0.0,124.750001,9657380.561015,1477991525.879749,917820342.068538,1418869.50831,0.0,0.0,37495598.257233,50588691.614727,138945.387741,151237617.163246,0.0
1771351200,2026-02-17,4462902302.704602,4231977790.538929,1.054566569957416,230924512.16567326,15,0,150385959.591733,950551563.923686,28083632.10278,3049941.024577,48230143.082731,146872514.019079,242871222.16088,362097066.692027,0.0,1478900.99725,9650038.412461,1427728901.64266,924452651.728521,1454575.164664,0.0,0.0,36630824.208842,48825815.378771,138945.387741,150247014.203992,0.0
1771524000,2026-02-19,4303833139.743343,4074901251.355446,1.0561809659342658,228931888.3878975,15,0,150401727.85608,908084359.945763,27586170.529354,3059525.416304,48061509.749921,150913583.729544,225528608.819873,433350563.125216,0.0,1478900.99725,9654838.457732,1247782570.848856,926199796.788139,1435169.933382,0.0,0.0,39321978.085889,52443674.928223,138945.387741,150262782.468339,0.0
1771696800,2026-02-21,4389610047.450154,4160879482.920907,1.0549716869878385,228730564.52924728,15,0,144216418.097722,900213366.637051,26902159.011892,3059525.416304,48054521.40196,152073750.616849,226195798.582153,438904209.784467,0.0,1478890.99725,9547282.903081,1343597825.588778,923041032.633511,1452600.651259,0.0,0.0,38068584.463849,48289934.232503,138945.387741,144077472.709981,0.0
1771869600,2026-02-23,4338030394.428419,4010513444.690847,1.081664593387947,327516949.7375722,15,0,144217523.58884,903225600.284252,23568579.319971,3059921.684451,53196894.685579,152499407.033584,223770086.726863,445596322.561409,0.0,1478891.99725,9526996.761854,1186376066.887695,920753519.788204,1452609.467403,0.0,0.0,37255680.269815,48752867.222517,138945.387741,144078578.201099,0.0
1772042400,2026-02-25,4466922744.970754,4286262563.59224,1.042148650181408,180660181.3785138,15,0,144219353.461448,905809990.388393,45984074.154704,2941855.688488,54141368.513542,153572223.692713,219718872.938132,589538253.960422,0.0,1956022.997248,9543337.896464,1299945992.305656,915756102.542494,1452897.915829,0.0,0.0,36280727.964585,49620842.63357,138945.387741,144080408.073707,0.0
1772215200,2026-02-27,4479325737.60362,4300466958.052703,1.041590548490554,178858779.55091667,15,0,145325060.745038,916712714.587805,44989301.809794,2937855.688488,49239095.880031,154965501.361614,210304575.339949,566141058.194287,0.0,1975923.72729,9492818.690702,1352007876.961861,907368461.62052,1365888.58173,0.0,0.0,34179357.53171,48786528.076922,138945.387741,145186115.357297,0.0
1772388000,2026-03-01,4503034168.541472,4323825593.367995,1.041446763127623,179208575.17347717,15,0,145328427.964814,907585054.455632,45438803.73443,2952855.333151,49750966.047562,156025868.437218,210637832.931764,621144593.558305,0.0,2005297.058898,9516302.862901,1327765137.615207,908306741.315188,1361132.472178,0.0,0.0,32727938.507061,48607069.0385,138945.387741,145189482.577073,0.0
1772560800,2026-03-03,4361662548.109695,4232151400.030126,1.0306017284917188,129511148.07956934,15,0,146437433.785357,900337880.603454,46041923.617881,2952022.742201,42342687.143788,159537796.22544,241845052.744271,606253366.327301,0.0,2010628.858898,9391961.621543,1223858117.48692,911371449.689526,1309224.958956,0.0,0.0,34694480.072113,50204807.937834,138945.387741,146298488.397616,0.0
1772733600,2026-03-05,4238117946.924245,4081528767.2325983,1.0383653254997929,156589179.69164658,15,0,146437433.785357,905126057.184536,45930825.099635,2952046.79268,44933306.247061,137335130.858004,241502204.532395,614048914.611273,0.0,2010628.858898,9426221.015217,1092397789.064145,901822919.874754,1333093.640607,0.0,0.0,32902049.368434,49807580.084959,138945.387741,146298488.397616,0.0
1772906400,2026-03-07,4278135045.276586,4142233917.368954,1.0328086560582153,135901127.90763187,15,0,146439722.575357,892770797.403656,45796630.093621,2874399.19003,43051893.117436,139507450.872286,240762636.144993,702098207.641466,0.0,2010535.417373,9440197.040379,1083934260.5876,895362945.490327,1325182.094352,0.0,0.0,32096665.763233,51202116.512202,138945.387741,146300777.187616,0.0
1773079200,2026-03-09,4284270335.56232,4147474538.529314,1.0329829142438844,136795797.0330062,15,0,146573410.45683,881500800.033531,45376919.908533,2947980.339743,43395158.426253,141896670.442537,242260008.827803,726730334.775102,0.0,2010518.865473,9382222.239914,1087893938.309828,895463445.221522,1325300.777984,0.0,0.0,28313573.047114,38977667.313977,138945.387741,146434465.069089,0.0
1773252000,2026-03-11,4285945164.300917,4112875663.602655,1.0420799253013797,173069500.6982622,15,0,149421027.18683,886260715.716081,48028098.54096,3180496.336834,42863395.664613,142975056.332906,244181861.849865,542380757.922469,0.0,2516519.68572,14324650.351182,1200780015.557931,900345359.430819,1325490.810852,0.0,0.0,33701531.973985,50011713.428438,138945.387741,149282081.799089,0.0
1773424800,2026-03-13,4307570648.023627,4166435640.848362,1.0338742799220408,141135007.1752653,15,0,149421027.18683,892961411.489038,48060455.000401,3193220.255303,37452908.92454,156503560.781688,238723064.713847,535851081.732092,0.0,2526686.658449,14289081.604207,1258196015.995701,893256995.231564,1716829.182927,0.0,0.0,35040045.124245,48664284.15436,138945.387741,149282081.799089,0.0
1773597600,2026-03-15,4296802441.713863,4153818050.772899,1.0344224010761278,142984390.94096422,15,0,150474084.948507,896784916.411309,48036125.3675,3194559.884196,38459815.381997,157006901.122475,238969093.601243,521998131.024598,0.0,2536896.922759,14242220.328454,1251494109.474102,895750665.587148,1690714.119927,0.0,0.0,34210279.933342,49443621.613849,138945.387741,150335139.560766,0.0
1773770400,2026-03-17,4219704621.108496,4078421743.083721,1.034641556691474,141282878.02477503,15,0,151677550.79948,906672091.826652,48052455.565437,3143110.388146,38775587.962888,157684404.680257,238919847.800569,513791148.46658,0.0,2565699.553766,14221696.647926,1177568837.713725,895060398.648286,1633263.96242,0.0,0.0,32503465.639142,47829734.227927,138945.387741,151538605.411739,0.0
1773943200,2026-03-19,4171132661.493709,4026256668.449804,1.035982801141112,144875993.04390526,15,0,150061786.79948,896135701.691397,48102771.492916,3145998.391032,35734913.783291,153205367.306203,232038315.983306,504701679.973898,0.0,2550829.767216,14221820.89968,1161447547.224587,888695499.625588,1614497.505203,0.0,4.0,35615793.98125,49045926.824237,138945.387741,149922841.411739,0.0
1774116000,2026-03-21,4097786989.811505,3946421259.013759,1.038355188375296,151365730.7977457,15,0,150061786.79948,887027008.359059,47921394.186608,3147389.446679,35718443.161964,157114453.52012,234431547.800354,492021351.61566,0.0,2541612.408806,14293075.357405,1100361106.116554,886015254.78206,1592368.787945,0.0,6.0,34614156.683621,49622090.786924,138945.387741,149922841.411739,0.0
1774288800,2026-03-23,4189753866.759748,4038264340.873818,1.037513523904963,151489525.88593006,15,0,150123873.472877,900772421.909516,47700973.740277,3130138.478387,36069111.486681,158506894.066076,233486823.862299,488376923.282454,0.0,2512811.943156,14175982.948769,1172683408.665575,896626100.963996,1559209.033445,0.0,8.2,33285662.991702,49377869.301485,138945.387741,149984928.085136,0.0
1774461600,2026-03-25,4150754621.041494,4002497529.379425,1.0370411450784969,148257091.66206884,15,0,148851381.885955,905818265.16397,47683403.98051,3128481.330105,33174860.047477,159132400.466125,236661708.783288,494765971.23784,0.0,2471580.78276,14814861.678955,1112854830.063771,902342238.064338,1570506.506564,0.0,18.200001,36262848.72893,51815554.344791,138945.387741,148712436.498214,0.0
1774634400,2026-03-27,4188514675.20397,4037180549.726084,1.0374851021929534,151334125.47788572,15,0,148879464.130357,903627052.382222,45379070.444659,3238021.180326,33368403.74614,162882793.804825,233263848.543671,486051405.158728,0.0,2450393.32928,14824531.782562,1145339711.93705,912144796.059944,1685591.621771,0.0,285056.470169,39773329.812338,52866543.452399,138945.387741,148740518.742616,0.0
1774807200,2026-03-29,4213035823.958866,4064755139.7084007,1.036479610494103,148280684.2504654,15,0,148880583.783358,900831628.477635,44817940.120846,3252966.206218,32964774.661603,163731419.306764,239781898.409872,483347028.532248,0.0,2444490.098975,14793071.806996,1175003673.260186,905438726.189974,1773409.004661,0.0,287103.929791,40594232.377604,55692777.325028,138945.387741,148741638.395617,0.0
1774980000,2026-03-31,4173576917.949954,4028408436.124542,1.0360361875234947,145168481.8254118,15,0,150616868.750461,914371256.158335,44522653.103959,3224940.484157,31793474.636906,163724521.862179,240679281.567336,485272427.789497,0.0,2448028.602463,14827548.805538,1154602345.223336,876917271.112745,1763565.544998,0.0,286729.471178,40778688.738237,53195703.023678,138945.387741,150477923.36272,0.0
1775152800,2026-04-02,4148394107.987738,3999300038.111649,1.0372800411210175,149094069.8760891,15,0,150700280.088271,939931990.30006,45088816.089817,3139572.370326,31154389.229205,163638699.276638,225675545.077601,472498820.154847,0.0,2451311.681703,14480378.262526,1155333756.749398,858208392.095119,1773359.712773,0.0,286659.87298,33990673.286558,51647673.952098,138945.387741,150561334.70053,0.0
1775325600,2026-04-04,4075472778.922871,3925878250.699498,1.038104729354946,149594528.22337294,15,0,150701008.950026,943994362.333028,40109713.348859,3274420.057985,30404629.847983,163789095.11415,239107641.791329,482419968.582944,0.0,2451311.681704,9789832.223465,1075411875.180361,859037952.343593,1721465.972381,0.0,293070.716484,35146615.223606,38926296.281626,138945.387741,150562063.562285,0.0
1775498400,2026-04-06,4155531300.494582,4004073068.471153,1.037826040992119,151458232.0234294,15,0,150701018.841969,950271217.571119,40147052.170329,3167298.158736,32981417.922308,163202715.371396,236273064.233491,474140093.794708,0.0,2454949.454363,9777220.983012,1149093095.235432,866420721.477575,1711613.247316,0.0,293279.519334,34423677.900421,39715651.431613,138945.387741,150562073.454228,0.0
1775671200,2026-04-08,4073033755.165412,3924225533.210553,1.037920405108091,148808221.95485878,15,0,158319809.050512,977173823.713192,40155162.1433,3199444.475036,30846436.078944,164896482.041041,236282965.325817,466619100.117021,0.0,2467658.04139,9558356.641108,1063108497.66706,857300485.345839,1803272.908728,0.0,293394.025035,32093143.138451,38427311.548591,138945.387741,158180863.662771,0.0
1775844000,2026-04-10,4092431613.747697,3944948417.095369,1.0373853295554416,147483196.652328,15,0,161355305.88101,996758911.254533,39767018.103159,3217671.159773,31879520.147743,169687873.937752,231540269.091554,461457793.431129,0.0,2480603.56413,9537644.175859,1072136763.999997,854702490.595053,1767348.4853,0.0,295055.59746,31423359.157979,38296094.393948,138945.387741,161216360.473269,0.02
1776016800,2026-04-12,4108455649.979658,3963231303.55643,1.0366429146572673,145224346.42322826,15,0,162960201.50832802,995465067.85842,40657903.414085,3314854.566869,30822593.831859,170240575.432895,230687955.088511,456080137.721951,0.0,2490750.75746,9540429.683187,1097429493.948632,850837369.320719,1775386.977343,0.0,293248.42446,36468384.640913,37127151.889126,138945.387741,162821256.100587,0.02
1776189600,2026-04-14,3911730869.634355,3767546035.01054,1.038270225044088,144184834.62381506,15,0,171793122.260259,1012555415.598405,40454938.038927,3302998.739771,31048917.664401,171782532.127522,224911222.398817,441586681.854039,0.0,2512013.236207,9549985.965782,903397453.239771,854145164.159172,1841867.10756,0.0,459862.13826,33277929.398936,36719053.34297,138945.387741,171654176.852518,0.02
1776362400,2026-04-16,4029822912.22861,3888472549.632582,1.0363511277993678,141350362.59602785,15,0,172540855.223697,1027866095.768441,39974336.964474,3392305.204166,30722434.858073,172616095.782314,225603538.47976,442385763.307501,0.0,2533263.236207,9680787.832916,1022216264.040212,836883477.698729,1891522.8702,0.0,477299.129877,31555908.747047,40673455.712665,138945.387741,172401909.815956,0.02
1776535200,2026-04-18,3987026006.847763,3844336035.960011,1.0371169350319605,142689970.88775206,15,0,177871151.21679902,1035779472.597719,40061450.627623,3764910.812363,31521420.316052,176295740.556456,230368689.172946,440299497.89533,0.0,2548001.717249,9652195.461836,957672402.909418,838557935.090289,1893280.336495,0.0,723803.693788,33758660.44907,41438574.323377,138945.387741,177732205.809058,0.02
1776708000,2026-04-20,3776607457.065313,3635085447.034571,1.0389322375203567,141522010.0307417,15,0,178992483.92646202,1034168298.865453,40131983.400054,3828169.113141,26587004.277099,177921239.11669,224350886.688253,339064316.253327,0.0,2552779.398899,9646604.634518,863690830.887921,837480867.566716,1889280.748424,0.0,775967.510028,31535124.758802,41462093.815246,138945.387741,178853538.518721,0.02
1776880800,2026-04-22,3747875474.160367,3539568615.810578,1.0588509168657791,208306858.34978914,15,0,180879973.89279702,1017357749.724183,39107541.517721,3476803.425779,28088970.271994,177126536.018387,162669007.695999,404780819.20668,0.0,2564142.983787,9477585.328077,828877733.4973,819298666.197419,1836800.280425,0.0,692210.652944,6420196.160406,37793852.849477,138945.387741,180741028.485056,0.02
1777053600,2026-04-24,3757069801.515933,3623011721.866007,1.0370018343691365,134058079.64992619,15,0,183822002.926626,1031493126.690122,39052767.095169,3429692.535726,29955841.300732,176838243.732573,120732953.897579,410435318.951322,0.0,2572652.942397,9516640.39064,937601238.281831,811968244.252147,1717015.944698,0.0,3378159.952334,6448969.255431,37870856.643306,138945.387741,183683057.518885,0.02
1777226400,2026-04-26,3765813455.835559,3633725013.104994,1.0363506985955704,132088442.73056507,15,0,184029642.26014,1042616476.789118,38977505.397079,3132959.695947,30165576.600601,176690799.901655,118941739.974394,429802174.339467,0.0,2575152.942397,9542422.908492,921234116.374884,810593727.27291,1702972.744176,0.0,3429749.170074,6445045.495849,37874593.497951,138945.387741,183890696.852399,0.02
1777399200,2026-04-28,3769355875.059591,3609885366.749052,1.0441760588243147,159470508.31053877,15,0,177486870.749042,1063057880.498873,38467260.980213,3145087.038774,27676106.787248,177486190.361301,119524582.47243,353564734.144946,0.0,2576346.2383,9623125.108622,908050873.029635,811417149.406508,1825492.0728,0.0,3346870.710415,7096815.01489,83026852.884097,138945.387741,177347925.341301,0.02
1777572000,2026-04-30,3729086178.349614,3587924281.812266,1.039343610803862,141161896.53734827,15,0,181479858.199488,1031378720.145214,38256010.670415,3493024.060715,27488335.070742,178657374.365384,129265778.257507,357440029.934168,0.0,2576804.335616,9367732.012806,906916501.374316,807240605.753904,1908760.533277,0.0,3348625.050035,7055423.105228,83530557.142939,138945.387741,181340912.791747,0.02
1777744800,2026-05-02,3695889625.414049,3556021378.040874,1.039332791483451,139868247.37317514,15,0,184739165.44434702,1050458014.63771,38425942.402468,4197083.620715,21492645.835096,177972240.929492,133553434.192047,356124473.19876,0.0,2576684.335616,9366321.66036,855074968.041055,810478188.393592,1901317.910104,0.0,3461659.510672,7395134.74373,83543268.629457,138945.387741,184600220.036606,0.02
1777917600,2026-05-04,3730418406.037475,3589521525.034541,1.03925227360256,140896881.00293398,15,0,187060178.445608,1056959173.99643,38403740.273476,4194760.058904,22510106.164102,179168525.332089,134267688.000564,362812907.658906,0.0,2579811.556789,9379792.48292,866251948.332682,816566568.785174,1977539.930424,0.0,3487428.658444,7475992.853451,83485540.950186,138895.282741,186921283.142867,0.02
1778090400,2026-05-06,3654773192.044579,3513333647.491881,1.0402579312823506,141439544.55269814,15,0,192435728.800555,996733893.797962,38094528.057728,4318598.237386,21750167.585031,181382573.573459,133535298.716894,369767666.870716,0.0,2581609.538009,9366468.746049,833961775.532934,826017981.371474,2057171.099581,0.0,3781837.688384,7004485.855908,82979590.820366,138856.807741,192296871.972814,0.02
1778263200,2026-05-08,3616989819.660702,3495288016.864996,1.0348188195675112,121701802.79570627,15,0,204221969.707119,1000015758.001191,38202711.754982,4894922.168568,22328531.058803,183356781.68256,132942669.803887,347992588.385712,0.0,2579569.073207,9427530.564823,825294375.484863,831038854.663027,2032917.652894,0.0,4558969.493836,6730607.125846,83891229.950797,138856.246154,204083113.440965,0.02
1778436000,2026-05-10,3638964900.450881,3521107577.928843,1.0334716619454618,117857322.52203798,15,0,204386665.579793,1000748802.863208,37934106.288304,4916630.67394,22476159.941446,184093095.337388,120044550.52367,349950769.968833,0.0,2579286.6259,9384263.616025,858962682.422946,832647117.384734,1882029.442415,0.0,4505103.208656,6754378.805442,84228600.825936,138852.213145,204247813.346648,0.02
1778608800,2026-05-12,3580163174.030333,3464444091.827777,1.0334019193658008,115719082.20255613,15,0,207709982.238345,956144325.905064,37523537.065559,4988943.451124,22654485.401218,184050932.370656,120559600.670969,350486086.809469,0.0,2580051.80888,9390344.219228,839714322.251352,837684348.067583,1941246.450027,0.0,4473504.859817,6745768.231945,85506594.264886,138852.213145,207571130.0052,0.02
1778781600,2026-05-14,3599260918.602024,3491346596.998953,1.0309090829583722,107914321.60307121,15,0,212019183.782667,972360326.284723,37769881.222304,5234595.268121,23267556.536975,184538062.73159,125297376.470256,353512714.336235,0.0,2575781.45825,9568335.219631,840816017.147814,836048250.766893,1898082.43793,0.0,4336849.201669,6727555.548302,87395212.36826,138852.213145,211880331.549522,0.02
1778954400,2026-05-16,3606931357.236277,3501804550.578921,1.0300207521975995,105126806.65735626,15,0,215385519.963865,972878759.67623,37626126.835437,5222285.178851,23710628.438276,188149437.592444,122466558.430677,355138433.876901,0.0,2574330.05078,9578439.284109,845340371.672666,837317388.330369,1846505.335032,0.0,4509380.384313,6683865.27963,88762040.213206,138852.213145,215246667.73072,0.02
1779127200,2026-05-18,3614864913.628038,3509847928.53144,1.029920665292339,105016985.09659815,15,0,207735727.158305,981426100.159333,37595509.611525,5705881.642132,22867383.560658,188944499.152433,121337273.7016,345438238.832796,0.0,2573633.59557,9483386.309064,840665916.519328,850846714.0042,1841269.902575,0.0,4626320.171274,6689343.549377,89806457.819575,138852.213145,207596874.92516,0.02
1779300000,2026-05-20,3588756671.767346,3475282492.276177,1.032651785788167,113474179.49116898,15,0,209384759.451399,974974289.407071,37432129.552218,5696864.875688,23956477.206823,188386763.485583,115859588.210598,345867352.769789,0.0,2570369.41309,9503108.933534,810841764.639816,856719284.220085,1828365.238866,0.0,4714985.545711,6868875.419316,90062273.357989,138852.213145,209245907.218254,0.02
1779472800,2026-05-22,3614024540.83771,3503258108.690843,1.0316181191080607,110766432.1468668,15,0,181384285.98271,980312841.380005,38311624.39688,5649148.694293,25160853.885013,192313719.206966,116617616.644151,344716575.842049,0.0,2521576.438131,9499628.669066,821498329.169602,859327101.63302,1782697.011105,0.0,4848143.729081,6803100.379865,93895151.611616,138852.213145,181245433.749565,0.02
1779645600,2026-05-24,3580193689.222916,3469229871.462024,1.0319851442170733,110963817.76089191,15,0,182956782.723291,980970282.850863,37223514.107052,5684020.499002,25872417.046038,192407371.109524,116822800.095966,335693009.795839,0.0,2511587.967011,9473381.433486,796032208.861891,858613505.112381,1774463.127678,0.0,5026452.154576,6778168.025225,94346689.275492,138852.213145,182817930.490146,0.02
1779818400,2026-05-26,3537650858.78682,3423966760.099758,1.033202453952488,113684098.68706179,15,0,184495778.438294,980962569.789255,36985602.656327,5700017.440386,25271456.830869,193334277.887185,114890608.98358,335985658.354059,0.0,2497890.876831,9519980.724893,747919602.971072,863061083.708831,1794721.918167,0.0,4640410.358704,6768815.424919,94634062.17468,138852.213145,184356926.205149,0.02
1779991200,2026-05-28,3565027059.067233,3444609129.370225,1.0349583726845153,120417929.69700813,15,0,185476518.26338398,989920600.503458,36330643.375885,6078643.691905,25278518.116553,194724012.264544,109184753.569326,338429804.854979,0.0,2480824.817161,9636264.373311,764432229.933733,850303339.755158,1665461.631438,0.0,5016606.686775,6770524.45731,104356901.338689,138852.213145,185337666.030239,0.02
1780164000,2026-05-30,3590278042.784614,3468945234.285478,1.0349768590463573,121332808.49913597,15,0,186284360.725175,996966852.511967,36232735.077479,6067570.87262,25681899.178028,200229812.287682,114601232.258989,335191965.585645,0.0,2463252.912131,9694691.713023,764328182.801055,859355305.719769,1629959.851179,0.0,5275942.667887,6806273.968479,104419556.879545,138852.213145,186145508.49203,0.02
1780336800,2026-06-01,3596765235.295918,3472067354.399289,1.0359145915584358,124697880.89662886,15,0,187324039.64025798,993491108.693969,35826499.879199,5867447.107723,25579007.557,199748725.515138,83100746.815959,339286023.773307,0.0,2449957.814011,9518709.275598,789834692.002145,868163230.104233,1520304.389207,0.0,5690640.882973,6602338.876335,105387921.712492,138852.213145,187185187.407113,0.02
1780509600,2026-06-03,3612781327.525209,3499719982.495366,1.032305826064755,113061345.02984285,15,0,190932488.905735,995599322.849734,35419626.822566,5893183.289908,25633349.500102,207314050.085918,83109165.927296,343226253.334335,0.0,2421151.572051,9568076.865576,797400421.04289,873471764.543144,1547763.311014,0.0,6836977.855227,6601646.616246,105677228.879359,138852.213145,190793636.67259,0.02
1780682400,2026-06-05,3630553464.663021,3516120127.7995462,1.0325453433626255,114433336.86347485,15,0,194501878.512241,1015536083.677247,36293686.806293,5794699.298454,22569272.66115,209001495.860854,73331142.375673,334983148.403984,0.0,2386332.645691,9407807.754439,804568667.687939,881082999.992196,1400903.888398,0.0,7301550.200521,6651401.795159,105810934.751548,138801.494111,194363076.99813,0.02
1780855200,2026-06-07,3719812098.54028,3609080661.458371,1.0306813417235081,110731437.0819087,15,0,195934559.09219402,1022105653.272282,36287040.939319,5806994.757353,23001583.24754,210544047.655962,108074389.97205,333737694.686041,0.0,2383129.566197,9314469.314984,851236560.228827,885562017.537445,1313828.234436,0.0,7369423.290966,6497269.47124,105846559.283729,138801.494111,195795757.578083,0.02
1781028000,2026-06-09,3639012409.878126,3546495068.544261,1.0260869787059483,92517341.33386517,15,0,199069968.47362,999786942.069525,36914497.877326,5782403.086574,22514599.702477,211443628.41808,102737601.125141,332404247.545468,0.0,2330937.399434,9370290.982633,820080938.661248,881881680.671036,1397708.494959,0.0,7257482.455789,6486876.268877,106105233.785694,138801.494111,198931166.959509,0.02
1781200800,2026-06-11,3652988325.174926,3552597431.354531,1.0282584491376265,100390893.820395,15,0,202612827.145586,994902440.138718,36220152.625642,5718081.459974,23137707.481113,189441201.265767,89833499.966988,364213732.756991,0.0,2309807.358794,9475817.817541,830785402.039629,883597109.372504,1384130.083445,0.0,8579499.31629,6441846.570288,106557003.100847,138801.494111,202474025.631475,0.02
1781373600,2026-06-13,3668020453.497496,3585738594.11937,1.022946976534505,82281859.37812614,15,0,204585597.11695302,998407212.168528,36673018.214485,5739990.22216,22704170.465954,192638821.620998,65143305.624536,360167834.481617,0.0,2308033.310854,9364052.493817,886247534.992495,882371951.837882,1430004.816509,0.0,8582677.061653,6472191.096246,107487795.711636,138801.494111,204446795.602842,0.02
1781546400,2026-06-15,3619531981.542673,3519947855.143344,1.0282913641046747,99584126.39932919,15,0,203571646.59714,974035503.473244,37716119.54046,5829315.410937,24277441.677543,167677537.745678,64079535.914548,357066832.801615,0.0,2298697.130392,9302140.107099,872527653.524237,881509667.691504,1464931.930479,0.0,8552101.065551,6458843.504578,107151533.625479,138801.494111,203432845.083029,0.02
1781719200,2026-06-17,3687496464.738389,3599589982.965446,1.0244212485835742,87906481.77294302,15,0,207258290.709623,975156348.585811,37631605.183234,5833243.429565,25330908.698066,166633474.395906,63720944.106919,369756505.40671,0.0,2283965.543049,9355316.404626,924467171.549482,895532176.997085,1465537.289992,0.0,8936711.868856,6436879.91139,107049193.594755,138801.494111,207119489.195512,0.02
1781892000,2026-06-19,3689410533.326862,3599475177.358723,1.024985685839382,89935355.9681387,15,0,190586378.76023,978340041.754046,37577182.945738,5850929.803086,25314423.135752,162052946.650369,66359735.249513,369492892.191468,0.0,2269447.128099,9511152.842885,918932036.954922,899046464.689321,1473398.827726,0.0,8935820.766058,6417537.545517,107901166.874223,138801.494111,190447577.246119,0.02
1782064800,2026-06-21,3669988663.482887,3587226162.5105247,1.023071447749043,82762500.97236204,15,0,192563508.635955,967590618.965932,37368945.992675,5859548.388364,24253164.371267,161317468.170509,66055922.331715,364312261.490601,0.0,2260321.491949,9504329.262524,925530191.961533,898618567.550362,1443447.981125,0.0,8646768.098876,6413991.012566,108050615.440527,138801.494111,192424707.121844,0.02
1782237600,2026-06-23,3637303676.34771,3557117464.935574,1.0225424693456358,80186211.41213608,15,0,194512465.588077,950697210.178692,37350628.095453,5757560.419983,24161204.292536,161670847.440747,70323873.483664,360213547.992574,0.0,2243801.412439,9548498.053207,921151126.770387,888818293.034145,1350422.312798,0.0,8708724.825101,6385883.49843,108735843.125418,138801.494111,194373664.073966,0.02
1782410400,2026-06-25,3644847175.367632,3565464067.3041253,1.022264453256299,79383108.0635066,15,0,212360909.196114,949990915.335546,37314119.806208,5758230.405307,24491558.165822,163049731.025777,68629598.154125,377076729.806236,0.0,2232455.528709,9667965.09054,912900751.135519,889180587.125324,1472306.841335,0.0,8630906.49348,6101441.771766,108966770.618431,138801.494111,212222107.682003,0.02
1782583200,2026-06-27,3652271789.560656,3573966694.610438,1.021909855810437,78305094.9502182,15,0,214588376.668121,951980243.189485,38298906.757967,5788027.799488,24522244.751622,155126263.588269,67563354.972553,374087204.196481,0.0,2229127.84008,9809459.502748,921704060.823337,897344879.008907,1474771.989283,0.0,8829651.651492,6090336.544646,109118161.99408,138801.494111,214449575.15401,0.02
1782756000,2026-06-29,3679732100.675302,3600860444.08578,1.0219035582784288,78871656.58952188,15,0,217788114.142185,963569032.198321,38273637.268692,5797146.401785,24326861.85427,155972854.997074,65911782.193304,382905117.381776,0.0,2230129.122908,9829772.148636,929567347.771669,896893385.671457,1435310.064363,0.0,8735257.544149,6075867.439832,109336942.027544,138801.494111,217649312.628074,0.02
1782928800,2026-07-01,3646241801.508241,3570853244.947075,1.021112196830784,75388556.56116629,15,0,217860012.18157202,969440189.673273,38154149.805652,6546342.977781,23167175.475742,157965339.134592,64775692.317286,375140970.093269,0.0,4227730.329657,9745334.644389,892768871.481442,902589544.653893,1591170.186757,0.0,8656359.995375,6074849.272337,110009524.90563,138801.494111,217721210.667461,0.02
1783101600,2026-07-03,3679502977.344863,3584388225.396913,1.0265358398607667,95114751.94794989,15,0,206927875.521263,973936062.538336,37582527.292189,7869886.408654,24267064.538586,138812063.359956,65716401.99026,375459245.72704,0.0,4227730.329657,9760824.626922,923333409.186222,896782709.967255,1684957.736844,0.0,8825722.107972,6074737.749856,110054881.837164,138801.494111,206789074.007152,0.02
1783274400,2026-07-05,3677641924.187183,3581846802.429523,1.0267446172440104,95795121.75765991,15,0,208522624.600753,977998767.161281,37611335.665785,9488010.633147,24204447.839423,137589466.20967,65043143.220306,375376943.271169,0.0,4226730.329657,9845195.904787,916781662.388088,897099135.889157,1672466.5102,0.0,8712655.850685,6095475.185231,110101366.370937,138801.494111,208383823.086642,0.02
1783447200,2026-07-07,3689618095.873086,3581945004.819553,1.0300599509229365,107673091.05353308,15,0,210658190.512156,1001121900.277236,37594067.686086,11574535.912599,23552249.155392,124423308.139826,63774063.872814,380504644.874796,0.0,4226730.329657,9747010.746876,899001885.947582,899299584.337966,1741413.440485,0.0,9224124.856939,6125661.078897,110033824.162402,138801.494111,210519388.998045,0.02
1783620000,2026-07-09,3593805510.940116,3512098590.245903,1.023264415446974,81706920.69421291,15,0,213428491.191673,953535625.685655,37563531.813569,12161661.15369,24048974.215601,124336136.123098,63268408.135696,407290078.251813,0.0,4226730.329657,9775747.398021,842199580.293459,906771729.11419,1695388.064042,0.0,8801934.340206,6144136.976914,110278928.350292,138801.494111,213289689.677562,0.02
1783792800,2026-07-11,3588146637.737224,3501638058.91445,1.0247051743690474,86508578.82277393,15,0,217541901.418311,953419321.645001,38546048.516294,12807042.040874,24048333.32918,126517206.554128,63063967.907622,406749490.338982,0.0,4226730.329657,9825959.175891,828823463.25399,905513005.006997,1672946.050268,0.0,9847694.497494,6126067.747091,110450782.520981,138801.494111,217403099.9042,0.02
1783965600,2026-07-13,3629086916.004959,3519699095.3922358,1.0310787421447267,109387820.61272335,15,0,220894719.132622,955944938.573651,38543798.439796,13234497.099905,24259166.086303,127548437.55884,64541656.05295,407136632.109973,0.0,4703405.15008,9853947.459052,832720638.192345,913564980.544302,1620629.167114,0.0,9055665.116781,6106498.34325,110864205.497894,138801.494111,220755917.618511,0.02
1784138400,2026-07-15,3604276545.036925,3496629184.555585,1.0307860384386232,107647360.48133993,15,0,222979991.224058,958625102.815761,38328603.301447,13381919.594352,24189451.273602,129307557.93753,70418010.458406,407156929.334183,0.0,4703405.15008,9423425.011169,797963372.809722,915368707.708863,1710354.655501,0.0,9018468.910984,6085376.124352,110948499.469633,138801.494111,222841189.709947,0.02
1784311200,2026-07-17,3576372446.270923,3454003217.8358283,1.0354282323198782,122369228.43509483,15,0,215126036.20843902,913203351.794141,38234778.765495,13534436.500814,24097051.326236,131008339.792013,70509089.0718,407069620.096144,0.0,4703405.65008,9585362.295067,795852305.742878,918177207.263017,1652504.516679,0.0,9056598.309075,6032477.306043,111286689.406346,138801.494111,214987234.694328,0.02
1784484000,2026-07-19,3505875409.336802,3405030118.008267,1.0296165636818282,100845291.32853508,15,0,216844936.13084802,920958527.934676,38283606.692627,13799632.844147,23803252.066898,127147332.872091,70514014.845468,397310465.643777,0.0,4703405.65008,9515251.197266,754351384.154067,916221899.369871,1648765.981484,0.0,9265869.309191,6010534.211798,111496175.234826,138801.494111,216706134.616737,0.02
1784656800,2026-07-21,3481872020.151856,3455833638.066687,1.0075346167704229,26038382.08516884,16,0,219556288.425482,925865075.271224,38282321.500006,13957169.503113,23926852.737065,129067210.793798,70193878.448876,399846587.110081,66834539.697388,4703405.65008,9482852.9571,740673321.786468,904880336.134463,1561079.13387,0.0,9083394.134843,6002569.424515,111473043.783797,138801.494111,219417486.911371,0.02
1784829600,2026-07-23,3421080302.204287,3386514177.023842,1.010206992610562,34566125.180445194,16,0,221996243.301819,909221322.483125,38276277.649964,14674449.111315,23428562.546528,106842408.032567,67518968.29661,395719817.755706,66793693.393001,4703405.65008,9482676.67577,751126615.071005,869987722.58691,1728679.843397,0.0,9080183.596578,6002328.218294,111927066.112992,138794.985167,221857448.296652,0.02
1785002400,2026-07-25,3383428555.426198,3378334407.014902,1.0015078875556895,5094148.411295891,17,0,215035592.798206,884700972.502031,38236354.554705,16071349.831713,23260857.702991,108241104.021013,67053232.668865,393348309.614824,72089507.727789,4703405.65008,9665372.294493,734903632.059413,867193598.814407,1733812.528628,29911386.322398,9276700.144211,5937095.821203,112007714.756138,138794.985167,214896797.793039,0.02
